﻿<?xml version="1.0"?>
<doc>
<assembly>
<name>
PerlaAimsv2
</name>
</assembly>
<members>
<member name="T:PerlaAimsv2.My.Resources.Resources">
<summary>
  A strongly-typed resource class, for looking up localized strings, etc.
</summary>
</member>
<member name="P:PerlaAimsv2.My.Resources.Resources.ResourceManager">
<summary>
  Returns the cached ResourceManager instance used by this class.
</summary>
</member>
<member name="P:PerlaAimsv2.My.Resources.Resources.Culture">
<summary>
  Overrides the current thread's CurrentUICulture property for all
  resource lookups using this strongly typed resource class.
</summary>
</member>
<member name="P:PerlaAimsv2.My.Resources.Resources.arrow_down">
<summary>
  Looks up a localized resource of type System.Drawing.Bitmap.
</summary>
</member>
<member name="P:PerlaAimsv2.My.Resources.Resources.background">
<summary>
  Looks up a localized resource of type System.Drawing.Bitmap.
</summary>
</member>
<member name="P:PerlaAimsv2.My.Resources.Resources.download">
<summary>
  Looks up a localized resource of type System.Drawing.Bitmap.
</summary>
</member>
<member name="P:PerlaAimsv2.My.Resources.Resources.edit">
<summary>
  Looks up a localized resource of type System.Drawing.Bitmap.
</summary>
</member>
<member name="P:PerlaAimsv2.My.Resources.Resources.file">
<summary>
  Looks up a localized resource of type System.Drawing.Bitmap.
</summary>
</member>
<member name="P:PerlaAimsv2.My.Resources.Resources.fred_spCommVoucherIIB">
<summary>
  Looks up a localized string similar to USE [INSURE]
GO
/****** Object:  StoredProcedure [dbo].[fred_spCommVoucherIIB]    Script Date: 9/19/2025 1:26:59 PM ******/
SET ANSI_NULLS ON
GO
SET QUOTED_IDENTIFIER ON
GO
ALTER                    PROC [dbo].[fred_spCommVoucherIIB]
	@BranchCode	Varchar(4), @BeginDate 	DateTime, @EndDate DateTime
	--declare @BranchCode Varchar(4) declare @BeginDate  DateTime declare @EndDate 	DateTime
	--set @BranchCode = &apos;HO&apos;	set @BeginDate	= &apos;4-3-2012&apos;	set @EndDate	= &apos;4-26-2012&apos;
AS
BEGIN
SELECT  Or_no, Or_bra [rest of string was truncated]&quot;;.
</summary>
</member>
<member name="P:PerlaAimsv2.My.Resources.Resources.fred_spD_VOUCHER">
<summary>
  Looks up a localized string similar to 

ALTER           proc [dbo].[fred_spD_VOUCHER]
	@BranchCode	Varchar(4),
	@startDATE	DATETIME,
	@endDATE	DATETIME
	--@cvNO_single	Numeric,
	--@cvNO_batch	Numeric
as
select	cv_no,		--cv_no as CVnumber, 
	cv_branch,
	cast(convert(varchar(10),issue_dte,101) as datetime) as issue_dte,
	PAYEE = case remark when &apos;SPOILED&apos; then &apos;SPOILED&apos; else upper(ltrim(payee)) end,
	Particulars = case remark when &apos;SPOILED&apos; then &apos;SPOILED&apos; else ltrim(particulars)end,	
	voucherAmount = case remark when &apos;SPOILED&apos; then  [rest of string was truncated]&quot;;.
</summary>
</member>
<member name="P:PerlaAimsv2.My.Resources.Resources.fred_spD_VOUCHER_distribution">
<summary>
  Looks up a localized string similar to 

ALTER         proc [dbo].[fred_spD_VOUCHER_distribution]
	@branch_Code	Varchar(4),
	@startDATE 	DATETIME,
	@endDATE	DATETIME
as
select	 A.CV_no, A.CV_branch, A.Issue_dte,
	 --ACCOUNTS = case isnull(B.Accnt_dtlcd,&apos;&apos;) 
		--	when &apos;&apos; then C.Accnt_type
		--	else C.Accnt_type + &apos; - &apos; + D.Accnt_dtlname
		--	end,
	 ACCOUNTS = case 
					when isnull(B.Accnt_dtlcd,&apos;&apos;)=&apos;&apos; then C.Accnt_type
					when isnull(C.Accnt_type,&apos;&apos;)&lt;&gt;&apos;&apos; and isnull(D.Accnt_dtlname,&apos;&apos;)=&apos;&apos;  then isnull(C.Accnt_type,&apos;&apos;) 
					else  [rest of string was truncated]&quot;;.
</summary>
</member>
<member name="P:PerlaAimsv2.My.Resources.Resources.LoginLogo">
<summary>
  Looks up a localized resource of type System.Drawing.Bitmap.
</summary>
</member>
<member name="P:PerlaAimsv2.My.Resources.Resources.perlaHeaderLogo">
<summary>
  Looks up a localized resource of type System.Drawing.Bitmap.
</summary>
</member>
<member name="P:PerlaAimsv2.My.Resources.Resources.philippine_provinces_cities_municipalities_and_barangays_2019v2">
<summary>
  Looks up a localized resource of type System.Byte[].
</summary>
</member>
<member name="P:PerlaAimsv2.My.Resources.Resources.Rfbranch_Branch_checkedBy">
<summary>
  Looks up a localized string similar to 
IF NOT EXISTS (SELECT 1 FROM INFORMATION_SCHEMA.COLUMNS WHERE TABLE_NAME = &apos;rfbranch&apos; AND COLUMN_NAME = &apos;Branch_checkedBy&apos;)
	BEGIN
		ALTER TABLE rfbranch ADD Branch_checkedBy VARCHAR(100) NULL;
	END
.
</summary>
</member>
<member name="P:PerlaAimsv2.My.Resources.Resources.Rfbranch_Branch_checkedBy_insert">
<summary>
  Looks up a localized string similar to 
UPDATE Rfbranch SET Branch_cvCheckedBy = &apos;Dave Hojastro&apos; ,Branch_telno = &apos;(034) 434-6648&apos; ,Branch_email = &apos;bacolod@perlainsurance.com &apos; ,Branch_add = &apos;Perla Compañia de Seguros Building Cor. Rosario Mabini Street Brgy 33 Bacolod City&apos; WHERE Branch_cd = &apos;BB&apos;
UPDATE Rfbranch SET Branch_cvCheckedBy = &apos;Rochelle A. Lomonsod&apos; ,Branch_telno = &apos;(085) 342-5096/815-5024&apos; ,Branch_email = &apos;butuan@perlainsurance.com &apos; ,Branch_add = &apos;Perla Compañia de Seguros Building Datu Silongan Poblacion del Pilar Street, Butuan C [rest of string was truncated]&quot;;.
</summary>
</member>
<member name="P:PerlaAimsv2.My.Resources.Resources.SP_eCashRcptBook">
<summary>
  Looks up a localized string similar to create procedure SP_eCashRcptBook
	@startdate 	Datetime,
	@enddate	Datetime,
	@branch		varchar(15)
as
DECLARE @offrcpt TABLE (
    issue_dte       DATETIME,
	CR_ORNO		varchar(50),
    or_no           VARCHAR(50),
    or_branch       VARCHAR(50),
    totamt          DECIMAL(18, 2),
    partialcomm     DECIMAL(18, 2),
    or_type         VARCHAR(20),
    premrec         DECIMAL(18, 2),
    commexp         DECIMAL(18, 2),
    wtaxpay         DECIMAL(18, 2),
    commpay         DECIMAL(18, 2),
 [rest of string was truncated]&quot;;.
</summary>
</member>
<member name="P:PerlaAimsv2.My.Resources.Resources.sp_eGenerateCommVchrNo">
<summary>
  Looks up a localized string similar to 
	
declare @tempTable table(
	chk bit
	,SINumber varchar(50)
	,Issue_dte datetime
	,remark varchar(50)
	,Rcvd_from varchar(1000)
	,Particulars varchar(1000)
	,Totamt float
	,AR_No int
	,OR_no int
	,OR_branch varchar(50)
);

insert into @temptable
        SELECT 
	        cast(0 as bit) as chk --this is just binding between my query and dgv checkbox
	        ,CAST(OR_no AS varchar(50)) + &apos;-&apos; + OR_branch AS &apos;SINumber&apos;
            ,Issue_dte
	        ,case
		         when remark is null th [rest of string was truncated]&quot;;.
</summary>
</member>
<member name="P:PerlaAimsv2.My.Resources.Resources.SP_ePrintCR_DailyCollection">
<summary>
  Looks up a localized string similar to create procedure SP_ePrintCR_DailyCollection
	@branch_code VARCHAR(15), --= &apos;HO&apos;,
	@start_date DATETIME, --= &apos;2025-02-12&apos;,
	@end_date DATETIME --= &apos;2025-02-12&apos;
as
begin
	DECLARE @tblCOLLECTION TABLE (
    OR_Entry VARCHAR(10),
    or_branch VARCHAR(50),
    or_no VARCHAR(50),
    issue_dte DATETIME,
    particularsNDCR VARCHAR(255),
    cash DECIMAL(18,2),
    check_amt DECIMAL(18,2),
    creditablewtax1 DECIMAL(18,2),
    vat_input1 DECIMAL(18,2),
	Creditablewtax DECIMAL(18,2),
	Vat_input  [rest of string was truncated]&quot;;.
</summary>
</member>
<member name="P:PerlaAimsv2.My.Resources.Resources.SP_ePrintCR_DailyCollection_ALTER">
<summary>
  Looks up a localized string similar to 
ALTER procedure [dbo].[SP_ePrintCR_DailyCollection]
	@branch_code VARCHAR(15), --= &apos;HO&apos;,
	@start_date DATETIME, --= &apos;2025-02-12&apos;,
	@end_date DATETIME --= &apos;2025-02-12&apos;
as
begin
	DECLARE @tblCOLLECTION TABLE (
    OR_Entry VARCHAR(10),
    or_branch VARCHAR(50),
    or_no VARCHAR(50),
    issue_dte DATETIME,
    particularsNDCR VARCHAR(255),
    cash DECIMAL(18,2),
    check_amt DECIMAL(18,2),
    creditablewtax1 DECIMAL(18,2),
    vat_input1 DECIMAL(18,2),
	Creditablewtax DECIMAL(18,2),
	V [rest of string was truncated]&quot;;.
</summary>
</member>
<member name="P:PerlaAimsv2.My.Resources.Resources.SP_ePrintCR_DailyCollectionDetails">
<summary>
  Looks up a localized string similar to 
create procedure SP_ePrintCR_DailyCollectionDetails
	@branch_code	varchar(15),
	@start_date	DATETIME,
	@end_date	DATETIME
as
begin

	SELECT 
	DailyCollection.or_no
	,DailyCollection.or_branch
	,DailyCollection.issue_dte
	,DailyCollection.accnt_typecd
	,accnt_dtlcd
	,Accnt_Type
	,DailyCollection.or_type
	,CASE ISNULL(CR.remark,&apos;&apos;)
		when &apos;&apos; THEN or_amt else 0
	END AS or_amt
	,ag_comm
	,DailyCollection.policy_type
	,ORDERTYPE
	,ACCNTORDER
	,DailyCollection.remark

FROM	--selecting of [rest of string was truncated]&quot;;.
</summary>
</member>
<member name="P:PerlaAimsv2.My.Resources.Resources.SP_ePrintOR">
<summary>
  Looks up a localized string similar to 
ALTER procedure [dbo].[SP_ePrintOR]
	@ORNo varchar(50)
	,@ORBranch varchar(50)
as
begin
	declare @Address as varchar(250);
	declare @polno as varchar(100);
	declare @poltype as varchar(100);
	declare @SINo as varchar(100);

	select 
	@polno=Policy_No
	,@poltype=Policy_type
	,@sino=sino
	from or_header where OR_header.OR_no=@ORNo and OR_header.OR_branch=@ORBranch

	if (select count(*) from cash_rcpt where or_no=@sino and OR_branch=@ORBranch)&gt;0
		select @Address = [Address] from Cash_rcpt 
 [rest of string was truncated]&quot;;.
</summary>
</member>
<member name="P:PerlaAimsv2.My.Resources.Resources.SP_eSaveBankDeposit">
<summary>
  Looks up a localized string similar to 
ALTER procedure [dbo].[SP_eSaveBankDeposit]
 @action varchar(50)
,@Dep_No int
,@Dep_Branch varchar(50)
,@OR_no int
,@OR_branch varchar(5)
,@Dep_Date datetime
,@Dep_For datetime
,@Bank_ID int
,@Dep_Amount float
,@CreateBy varchar(20)
,@CreateDte datetime
,@Lupdby varchar(20)
,@Lupddte datetime
,@LupdbyLocation varchar(50)
as 
begin
	if @action=&apos;add&apos;
		begin 

			DECLARE @Lastno int

			Select @Lastno = Last_no + 1 from RfLatestNo where app_typ=&apos;DEPNO&apos; and branch=@Dep_Branch

			inse [rest of string was truncated]&quot;;.
</summary>
</member>
<member name="P:PerlaAimsv2.My.Resources.Resources.SP_eSaveCashVoucher_create">
<summary>
  Looks up a localized string similar to 
CREATE PROCEDURE [dbo].[SP_eSaveCashVoucher]
    @action varchar(50),
    @CV_no int,
    @CV_branch varchar(50),
    @Issue_dte datetime,
    @Payee varchar(200),
    @Particulars varchar(500),
    @Totamt float,
    @Check_Bank varchar(50),
    @Check_no varchar(50),
    @CV_type varchar(50),
    @CV_category varchar(50),
    @Policy_No int,
    @Policy_branch varchar(50),
    @Policy_type varchar(50),
    @Cover_type varchar(50),
    @File_no varchar(50),
    @File_branch varchar(50),
 [rest of string was truncated]&quot;;.
</summary>
</member>
<member name="P:PerlaAimsv2.My.Resources.Resources.SP_eSaveCashVoucherDetail_create">
<summary>
  Looks up a localized string similar to 
CREATE PROCEDURE [dbo].[SP_eSaveCashVoucherDetail]
    @action varchar(50),
    @CV_no int,
    @CV_branch varchar(50),
    @CV_dtlno int,
    @Accnt_typecd varchar(50),
    @Accnt_dtlcd varchar(50),
    @Addtl_dtl varchar(200),
	@Amt_pd float
AS
BEGIN
    IF @action = &apos;add&apos;
		BEGIN
			INSERT INTO Cash_disbdtl (CV_no,CV_branch,CV_dtlno,Accnt_typecd,Accnt_dtlcd,Addtl_dtl,Amt_pd)
			VALUES (@CV_no,@CV_branch,@CV_dtlno,@Accnt_typecd,@Accnt_dtlcd,@Addtl_dtl,@Amt_pd)
		END
	else if @action=&apos;del [rest of string was truncated]&quot;;.
</summary>
</member>
<member name="P:PerlaAimsv2.My.Resources.Resources.SP_eSaveDirectSI">
<summary>
  Looks up a localized string similar to 
ALTER procedure [dbo].[SP_eSaveDirectSI]
	@action varchar(50)
	,@OR_no int
	,@OR_branch varchar(5)
	,@Rcvd_from varchar(100)
	,@Particulars varchar(500)
	,@Issue_dte datetime
	,@Pay_type varchar(2)
	,@Cash float
	,@Check_amt float
	,@Check_no varchar(50)
	,@Check_bank varchar(50)
	,@Other varchar(50)
	,@Other_amt float
	,@Disc_amt float
	,@Totamt float
	,@OR_type varchar(10)
	,@OR_category varchar(10)
	,@Policy_No int
	,@Policy_Branch varchar(5)
	,@Policy_type varchar(5)
	,@File_no va [rest of string was truncated]&quot;;.
</summary>
</member>
<member name="P:PerlaAimsv2.My.Resources.Resources.SP_eSaveDirectSIDetail">
<summary>
  Looks up a localized string similar to 
ALTER procedure [dbo].[SP_eSaveDirectSIDetail]
	@action varchar(50)
	,@OR_no int
	,@OR_branch varchar(5)
	,@OR_dtlno int
	,@Accnt_typecd varchar(10)
	,@Accnt_dtlcd varchar(10)
	,@Addtl_dtl varchar(150)
	,@OR_amt float
	,@Ag_comm float
	,@SubAg_comm float
	,@Agent_Rate float
as
begin
	if @action=&apos;add&apos;
		begin
			insert into Cash_rcptdtl(
				OR_no,OR_branch,OR_dtlno,Accnt_typecd,Accnt_dtlcd,Addtl_dtl,OR_amt,Ag_comm,SubAg_comm,Agent_Rate
			) values(
				@OR_no,@OR_branch,@OR_dtlno,@Accnt [rest of string was truncated]&quot;;.
</summary>
</member>
<member name="P:PerlaAimsv2.My.Resources.Resources.SP_eSaveORBankDeposit">
<summary>
  Looks up a localized string similar to 
ALTER procedure [dbo].[SP_eSaveORBankDeposit]
 @action varchar(50)
,@Dep_No int
,@Dep_Branch varchar(50) 
,@OR_no int
,@OR_branch varchar(5)
,@Dep_Date datetime
,@Dep_For datetime
,@Bank_ID int
,@Dep_Amount float
,@CreateBy varchar(20)
,@CreateDte datetime
,@Lupdby varchar(20)
,@Lupddte datetime
,@LupdbyLocation varchar(50)
as 
begin
	if @action=&apos;add&apos;
		begin 
			DECLARE @Lastno int
			Select @Lastno = Last_no + 1 from RfLatestNo where app_typ=&apos;CRDEPNO&apos; and branch=@OR_branch
			
			i [rest of string was truncated]&quot;;.
</summary>
</member>
<member name="P:PerlaAimsv2.My.Resources.Resources.SP_eSaveORReceipt">
<summary>
  Looks up a localized string similar to 
ALTER procedure [dbo].[SP_eSaveORReceipt]
	@action varchar(50)
	,@OR_no int
	,@OR_branch varchar(5)
	,@SIno int
	,@Rcvd_from varchar(100)
	,@Particulars varchar(500)
	,@Issue_dte datetime
	,@Pay_type varchar(2)
	,@Cash float
	,@Check_amt float
	,@Check_no varchar(50)
	,@Check_bank varchar(50)
	,@Other varchar(50)
	,@Other_amt float
	,@Disc_amt float
	,@Totamt float
	,@OR_type varchar(10)
	,@OR_category varchar(10)
	,@Policy_No int
	,@Policy_Branch varchar(5)
	,@Policy_type varchar(5)
 [rest of string was truncated]&quot;;.
</summary>
</member>
<member name="P:PerlaAimsv2.My.Resources.Resources.SP_eSaveORReceiptDetail">
<summary>
  Looks up a localized string similar to 
ALTER procedure [dbo].[SP_eSaveORReceiptDetail]
	@action varchar(50)
	,@OR_no int
	,@OR_branch varchar(5)
	,@OR_dtlno int
	,@SIno int
	,@Accnt_typecd varchar(10)
	,@Accnt_dtlcd varchar(10)
	,@Addtl_dtl varchar(150)
	,@OR_amt float
	,@Ag_comm float
	,@SubAg_comm float
	,@Agent_Rate float
as
begin
	if @action=&apos;add&apos;
		begin
			insert into OR_header_dtl(
				OR_no,OR_branch,OR_dtlno,SIno,Accnt_typecd,Accnt_dtlcd,Addtl_dtl,OR_amt,Ag_comm,SubAg_comm,Agent_Rate
			) values(
				@OR_no,@OR_bra [rest of string was truncated]&quot;;.
</summary>
</member>
<member name="P:PerlaAimsv2.My.Resources.Resources.SP_eSumBankDeposit_CR">
<summary>
  Looks up a localized string similar to create procedure SP_eSumBankDeposit_CR
	@startdate datetime,
	@enddate datetime,
	@branch varchar(5)
as
begin
	declare @minORNO int
	declare @maxORNO int

	DECLARE @tempTable TABLE (
		issue_dte DATETIME,
		CR_fromorno int,
		CR_toorno int,
		fromorno INT,
		toorno INT,
		or_branch VARCHAR(5),
		cashonhandcr DECIMAL(18,2),
		cashonhanddr DECIMAL(18,2),
		premrec DECIMAL(18,2),
		commexp DECIMAL(18,2),
		wtaxpay DECIMAL(18,2),
		comppay DECIMAL(18,2),
		otherfees DECIMAL(18,2)
	)
	--- [rest of string was truncated]&quot;;.
</summary>
</member>
<member name="P:PerlaAimsv2.My.Resources.Resources.SP_eSumBankDeposit_v2">
<summary>
  Looks up a localized string similar to create procedure SP_eSumBankDeposit_v2
	@startdate date,
	@enddate date,
	@branch varchar(5)
as
begin
	declare @minORNO int
	declare @maxORNO int

	DECLARE @tempTable TABLE (
		issue_dte DATE,
		fromorno INT,
		toorno INT,
		or_branch VARCHAR(5),
		cashonhandcr DECIMAL(18,2),
		cashonhanddr DECIMAL(18,2),
		premrec DECIMAL(18,2),
		commexp DECIMAL(18,2),
		wtaxpay DECIMAL(18,2),
		comppay DECIMAL(18,2),
		otherfees DECIMAL(18,2)
	)
	insert into @tempTable
	exec p_CashRcptBook @startda [rest of string was truncated]&quot;;.
</summary>
</member>
<member name="P:PerlaAimsv2.My.Resources.Resources.sp_jBankDeposits">
<summary>
  Looks up a localized string similar to 
ALTER PROCEDURE [dbo].[sp_jBankDeposits] 
	-- Add the parameters for the stored procedure here
	@qtype			int,
	@Dep_No			numeric(18,0)=NULL,
	@Dep_Branch		varchar(4)=NULL,
	@OR_no			numeric(18,0)=NULL,
	@OR_branch		varchar(5)=NULL,
	@Dep_Date		datetime=NULL,
	@Dep_For		datetime=NULL,
	@Bank_ID		numeric(18,0)=NULL,
	@Dep_Amount		float=NULL,
	@CreateBy		varchar(20)=NULL,
	@CreateDte		datetime=NULL,
	@Lupdby			varchar(20)=NULL,
	@Lupddte		datetime=NULL,
	@LupdbyLocation varchar(50)=NULL

AS
 [rest of string was truncated]&quot;;.
</summary>
</member>
<member name="P:PerlaAimsv2.My.Resources.Resources.sp_jDebitMemoLin">
<summary>
  Looks up a localized string similar to USE [INSURE]
GO
/****** Object:  StoredProcedure [dbo].[sp_jDebitMemoLin]    Script Date: 9/9/2025 2:38:10 PM ******/
SET ANSI_NULLS ON
GO
SET QUOTED_IDENTIFIER ON
GO

-- =============================================
-- Author:		&lt;Author,,Name&gt;
-- Create date: &lt;Create Date,,&gt;
-- Description:	&lt;Description,,&gt;
-- =============================================
ALTER PROCEDURE [dbo].[sp_jDebitMemoLin] 
	-- Add the parameters for the stored procedure here
	@qtype			int,
	@DM_no   		numeric(18,0)=NUL [rest of string was truncated]&quot;;.
</summary>
</member>
<member name="P:PerlaAimsv2.My.Resources.Resources.trash">
<summary>
  Looks up a localized resource of type System.Drawing.Bitmap.
</summary>
</member>
<member name="P:PerlaAimsv2.My.Resources.Resources.view">
<summary>
  Looks up a localized resource of type System.Drawing.Bitmap.
</summary>
</member>
<member name="P:PerlaAimsv2.My.Resources.Resources.wTax_Correction">
<summary>
  Looks up a localized string similar to UPDATE or_header
SET wtaxrate = (
    SELECT 
        CASE 
            WHEN EXISTS (SELECT 1 FROM Offrcpt WHERE or_no = or_header.SIno) 
            THEN (SELECT TOP 1 Wtaxrate FROM Offrcpt WHERE or_no = or_header.SIno)
            WHEN EXISTS (SELECT 1 FROM Cash_rcpt WHERE or_no = or_header.SIno) 
            THEN (SELECT TOP 1 Wtaxrate FROM Cash_rcpt WHERE or_no = or_header.SIno)
            ELSE or_header.Wtaxrate -- Keep existing value if no match is found
        END
) 
FROM or_header
WHER [rest of string was truncated]&quot;;.
</summary>
</member>
<member name="M:PerlaAimsv2.updateManagerXX.CheckAndDownloadAsync">
 <summary>
 Checks the online XML for a new version and downloads the ZIP if newer.
 </summary>
</member>
<member name="M:PerlaAimsv2.updateManagerXX.DownloadFileAsync(System.String)">
 <summary>
 Downloads the update ZIP safely to temp folder.
 </summary>
</member>
</members>
</doc>
